{"loss": [8.4146728515625, 5.045449256896973, 4.506943702697754, 3.7166731357574463, 3.4036693572998047, 3.0797197818756104, 2.9589622020721436, 2.58121919631958, 2.4775822162628174, 2.1979305744171143, 2.1876168251037598, 1.877428412437439, 1.7549164295196533, 1.5660157203674316, 1.458003044128418, 1.681013822555542, 1.2880885601043701, 1.2520880699157715, 1.2746226787567139, 1.3374314308166504], "mae": [2.1423473358154297, 1.732512354850769, 1.6170140504837036, 1.500859260559082, 1.4372241497039795, 1.3559428453445435, 1.3181582689285278, 1.2532037496566772, 1.1989052295684814, 1.1553473472595215, 1.0976030826568604, 1.0646021366119385, 1.0232651233673096, 0.9730902910232544, 0.9414363503456116, 0.9133855700492859, 0.8807144165039062, 0.8730986714363098, 0.8633310198783875, 0.8660818338394165], "mse": [8.4146728515625, 5.045449256896973, 4.506943702697754, 3.7166731357574463, 3.4036693572998047, 3.0797197818756104, 2.9589622020721436, 2.58121919631958, 2.4775822162628174, 2.1979305744171143, 2.1876168251037598, 1.877428412437439, 1.7549164295196533, 1.5660157203674316, 1.458003044128418, 1.681013822555542, 1.2880885601043701, 1.2520880699157715, 1.2746226787567139, 1.3374314308166504], "val_loss": [7.585436820983887, 10.521559715270996, 6.460987567901611, 6.361850738525391, 5.415854454040527, 5.6658711433410645, 4.084265232086182, 2.9153964519500732, 0.7954393625259399, 0.9926474690437317, 0.5969206690788269, 0.7740634083747864, 0.3416261374950409, 0.4665590524673462, 0.39101219177246094, 0.36792516708374023, 0.3204694390296936, 0.2595503330230713, 0.28983306884765625, 0.26229825615882874], "val_mae": [2.5752460956573486, 3.1246345043182373, 2.3998262882232666, 2.40959095954895, 2.2199909687042236, 2.2738523483276367, 1.8981142044067383, 1.5681726932525635, 0.7466014623641968, 0.815955400466919, 0.580865204334259, 0.6933823823928833, 0.42767420411109924, 0.5230727195739746, 0.47398000955581665, 0.46244779229164124, 0.42916616797447205, 0.3807171583175659, 0.40885230898857117, 0.38546738028526306], "val_mse": [7.585436820983887, 10.521559715270996, 6.460987567901611, 6.361850738525391, 5.415854454040527, 5.6658711433410645, 4.084265232086182, 2.9153964519500732, 0.7954393625259399, 0.9926474690437317, 0.5969206690788269, 0.7740634083747864, 0.3416261374950409, 0.4665590524673462, 0.39101219177246094, 0.36792516708374023, 0.3204694390296936, 0.2595503330230713, 0.28983306884765625, 0.26229825615882874], "learning_rate": [9.999999747378752e-05, 9.999999747378752e-05, 9.999999747378752e-05, 9.999999747378752e-05, 9.999999747378752e-05, 9.999999747378752e-05, 9.999999747378752e-05, 9.999999747378752e-05, 9.999999747378752e-05, 9.999999747378752e-05, 9.999999747378752e-05, 9.999999747378752e-05, 9.999999747378752e-05, 9.999999747378752e-05, 9.999999747378752e-05, 9.999999747378752e-05, 1.9999999494757503e-05, 1.9999999494757503e-05, 1.9999999494757503e-05, 1.9999999494757503e-05]}